{
  "thrust_slope": 32.6997656179737,
  "thrust_intercept": -47.90324477843547,
  "torque_slope": 1,
  "torque_intercept": 0
}