{
  "thrust_slope": 32.6997656179737,
  "thrust_intercept": -25.99357337891237,
  "torque_slope": 1,
  "torque_intercept": -1.4894110885972622
}